"","y","x1","x2","x3"
"1",0,-1.11446373534064,0.610195890882589,-0.510933851606099
"2",0,-0.809527090334026,0.126390762097654,0.0725470437284926
"3",1,0.154012788663537,0.211778325854077,0.185423511364127
"4",0,-0.818057372158627,1.08648661124189,-0.961311372331775
"5",0,-2.07036648037951,-0.0202281431915782,-0.775761548701482
"6",1,-0.415556327121594,-0.216457918318651,1.19178426572325
"7",0,-2.05153992371511,0.360380845991746,-0.235013236041802
"8",0,-1.43134774379287,-1.02225061011116,-0.395773810553119
"9",1,-0.129457658706889,-0.491818987762496,0.81829966334613
"10",0,-1.55567157256618,1.57696668010163,0.0411066410632715
"11",1,0.886004359943634,-1.25161694899061,0.658505968857363
"12",1,-0.758569385309572,-1.22095162353937,-0.0932142903106261
"13",1,-0.342306183225051,-1.78225747907932,1.13695406513944
"14",1,-0.256233293415432,-0.73316426923224,-0.225368496576676
"15",1,1.01420812839335,0.616393258159756,1.39612928418514
"16",1,1.14260247649979,-1.3215141795102,0.557399268699791
"17",0,-1.24889321224097,-0.81183386707737,1.41790018727686
"18",1,2.27549372249268,1.71610192811694,-0.626190382665097
"19",0,-0.116098570174842,1.34721400653314,2.93253145837914
"20",1,0.17044669015297,-1.08193380803633,1.19397036582069
"21",0,-0.537955892931056,1.10616703295858,-0.184436833607703
"22",1,0.474095269152368,-1.86091000492582,0.583853096097216
"23",1,-0.0974916926618516,-2.43060117662702,-0.633386722230063
"24",1,0.0402611872678008,-0.353709305698902,-1.13755154091517
"25",0,-0.145974266685019,0.49479206033752,1.24956848309499
"26",0,-1.78526304223449,-0.126099593159762,-0.935564860039433
"27",1,1.61879383964346,0.626627002413842,1.1627561628059
"28",0,-0.983915001386774,-0.876859281679777,-1.15292806533286
"29",0,-0.151732299749347,0.550080948970783,-0.612905967143488
"30",0,0.231185958944748,0.351453202417024,-1.77687039372591
"31",0,-1.04379394361468,0.186392186605769,-0.360149374042139
"32",1,0.411063540156565,-0.552064964788617,-0.675832527062368
"33",1,0.969869853212476,-0.511975606486446,1.99770232737737
"34",0,-0.514313297964326,0.17582241783513,-1.20608726741575
"35",0,-1.64611974790425,-0.527858812866867,1.49510804728425
"36",1,0.310690536683735,-0.386633595830908,0.373937920548173
"37",0,-0.543279948477267,0.662244365945194,0.00138255044829466
"38",1,1.34948342423551,-1.14049740352867,0.0677021728170835
"39",1,0.631839242129283,-0.627368169218773,1.14824292506965
"40",1,-0.129090746169039,0.338647753096734,-0.149153196685229
"41",0,0.414879195190938,2.10662414379552,0.675177137207497
"42",0,0.0320769239744596,0.0473055521702197,0.18261002653036
"43",0,-0.921222861347981,0.447974704208284,0.574081925212674
"44",1,1.13518226470141,-0.460672997971101,-1.18163893207548
"45",1,0.0133944675471447,-1.59280189556501,-1.41437160414541
"46",1,-0.53841837240737,-0.687493737181061,0.0206035034855258
"47",0,-1.97926635561852,-0.237759930582882,-0.680772576454402
"48",1,0.571078221027335,-1.28814707048447,-0.427921801102505
"49",1,0.309597140847029,0.00435874204851468,0.68669702429842
"50",0,-0.246532273406882,0.147036908277272,-0.0756302695636492
"51",0,0.446836090183619,-0.620599779335714,-2.55522975838703
"52",0,-0.677952635059713,0.889362473665792,0.586923277385162
"53",0,-0.170955574356115,-0.130199146133342,-1.24776138705524
"54",0,0.617554506292115,1.45699313543413,-1.86256312841434
"55",0,-1.3290563163138,0.659389318129272,-0.503746390011543
"56",1,-0.43642040719423,-3.05014125321592,-0.851029464601026
"57",0,0.0200504406743735,1.36530194638869,1.41745207889168
"58",0,0.51251158740232,1.61867264269217,0.686826764344578
"59",0,-0.488508951414716,-0.196160415785022,1.67498073673962
"60",1,-0.121464963727935,-0.356691900929337,0.877891662732551
"61",1,-0.995056178485292,-0.699174354747162,1.4108085559385
"62",0,-0.078472345710333,0.281189640750445,-1.7975369171689
"63",0,-0.839731736716008,0.210377127936238,-0.0254488176527057
"64",1,1.95233686723813,-0.490358033465528,-0.252159481584172
"65",1,0.127673342192379,-0.172675571846655,0.489048716355169
"66",1,-0.333965922004475,-0.616818020797549,1.42714044267672
"67",1,1.61464020851862,0.485008267877695,-1.06407526058161
"68",0,-1.04064108000726,-1.30291665587069,-1.52706411933172
"69",1,1.58140825878572,0.708716401940848,0.341172743439662
"70",0,0.0103200065238086,0.282276135200842,1.08476914092455
"71",1,0.889498043680313,0.591351742344049,-0.0199811850467766
"72",1,0.274694346056437,1.39202005476804,1.73483535719565
"73",0,0.348385448117608,1.15470702658395,0.729341153997491
"74",1,-0.766055156472088,-0.458526266565861,2.06575092290781
"75",0,-1.83983828719893,0.485316122229248,-0.123459748425177
"76",0,-0.201871086529334,1.26193969311868,0.384254213290455
"77",1,-0.661907204558998,-0.236314980219515,0.541860197097523
"78",0,-0.638962356839126,0.562666522344857,-0.061576350149902
"79",0,-1.33369026898155,2.5405103240059,0.706051153858516
"80",0,-0.116429651186052,0.989397461582616,-0.78578073383393
"81",0,-1.58745994751998,0.715411689789348,1.17734649733617
"82",1,0.760457405585462,-0.281208548685785,-0.262080463504792
"83",1,0.726349528490414,1.40375129106281,1.92914836886405
"84",0,0.0562415129441079,0.494068182603924,0.218030316847255
"85",1,0.318313853368466,-0.530237371339742,0.905444584205144
"86",0,-0.791509309285018,-0.658576134957135,0.929753618426036
"87",0,-1.5019484043732,1.94190703764844,-0.377236274768825
"88",1,0.867407482312045,-0.93284420497609,-0.865393381780485
"89",0,-1.04879996794521,-0.540236708383375,0.437175604523893
"90",1,1.62224959300511,-0.829811423698327,0.795561900988453
"91",1,0.698628768374825,-0.792817184780407,-1.8531416696496
"92",0,0.143630071634621,1.12423547701624,-1.51206186395872
"93",0,0.82077092133687,0.137092527405373,-0.835665971678107
"94",1,0.178192000268143,-0.86407933898744,-0.475215112436378
"95",0,-0.223140536651934,2.53729432958605,1.49076099380308
"96",1,2.07897722911395,1.89124743192162,-0.686934183486128
"97",0,1.38939674780852,2.14678135209903,-1.08746445941737
"98",0,0.363209653071873,0.90591606414147,-0.0549954945394115
"99",0,0.531472265517748,1.59223340906103,-0.432483042245797
"100",0,-0.419575756012531,0.916853581010955,-1.48025234340472
"101",0,0.142264735667295,-0.852628306822957,-1.26767574031323
"102",0,0.0579380123520302,0.388608470957269,1.04548273054365
"103",1,1.48223167188838,-0.176393554153645,-0.578291645521305
"104",1,0.590387128594995,-0.203062281805223,0.143090440490765
"105",0,0.348693092221119,1.46452152589007,2.1738050471907
"106",0,0.0535227876411513,1.10089981069286,1.21816265995437
"107",1,1.1366460028673,-1.43222856013469,-0.271032672650657
"108",0,-1.44921854636513,0.394058823856787,-0.434228873654861
"109",0,-0.546533466623196,0.588618250536254,-0.297500120521883
"110",0,-0.752157174562667,-0.180754017163632,0.604451160487318
"111",0,-0.625265745122279,0.857498787557905,1.15236173896825
"112",0,-1.62177810651747,0.608496671491858,-0.947306816029663
"113",0,-1.13035993000362,-0.413808585863066,-0.338066241573887
"114",0,0.110195821604945,1.65929071624578,-0.101779439189972
"115",1,0.600176105516571,-0.469010160504992,0.534018945466393
"116",1,0.286597095407143,-0.67405237388795,0.251540738155893
"117",0,-0.772023997499478,0.275417117884067,-1.13802759121256
"118",1,2.09823186052012,-0.634911003781016,-0.965659494552972
"119",1,1.56231938022789,0.531053786052431,-1.84992760737053
"120",1,0.862372283441876,0.79524093217469,-0.210169321574096
"121",1,0.573127543904803,1.81871631001388,1.88024698051352
"122",0,0.0554432891507716,0.618043898985278,-0.341750261056723
"123",0,-1.27972669855365,1.76942710657303,-0.0865236513069952
"124",0,-0.527759128158737,-1.30431742312602,-1.17452387088646
"125",0,-0.280038115602925,0.943179576307268,-0.0349885997999173
"126",1,0.370245105061565,-1.66379403386429,1.24160135931846
"127",0,-0.614259483176702,0.75385499434802,-1.37366599548303
"128",1,-0.0628958817320586,-0.28143418175422,-0.883135503959316
"129",1,0.0324613759293382,-1.10183441858775,1.62694983049144
"130",1,0.21096548821155,-2.45057623141834,-1.18233658709009
"131",0,-0.100079605466062,1.57137819678649,-0.0533224077459314
"132",1,1.45817648268159,-0.376028251144824,0.0722320920295282
"133",1,-0.313118588985316,-0.866038869913159,0.349750866233661
"134",1,1.90659061129026,-0.515542515763127,0.0712812284118035
"135",0,-2.68825683695951,0.231647924143865,-0.0155109742214981
"136",0,-1.7012346480377,-0.996410920864529,-0.42354148349149
"137",1,0.169178952862318,-0.214255750885873,0.655306986289898
"138",0,-0.0286670051354936,0.365817308475666,0.304654990792389
"139",0,-0.719723661647864,1.11003541106585,-0.699757581782166
"140",1,0.587273253346501,-0.291650387665168,-0.250412502333139
"141",0,-1.01367185902424,0.660087276713038,0.898835294710519
"142",1,-0.856780474931394,-2.95103331256701,0.604350196681407
"143",1,-0.18607825034766,-0.96882190320521,-0.21269880890092
"144",1,0.774662429005693,-1.04897132140209,1.84739214917687
"145",0,-1.46845942997122,1.44437764478945,-0.185752401631091
"146",1,-0.0893905017947522,-0.322194686205397,-0.367268850958935
"147",0,-1.92781796549337,-0.0377838115044977,-0.69498562245898
"148",0,0.195397041706667,0.57903216416236,-0.122409901597883
"149",1,1.18806342898891,0.366974771888953,2.14666504562869
"150",0,-0.456706600262862,1.25154431459077,0.194537562319326
"151",1,0.115890084138027,-1.184024173841,-0.775884370262192
"152",0,0.734748922932052,0.887044455263158,-1.88060988163098
"153",1,0.558606981839337,0.0920006403768288,-0.361467348063785
"154",0,1.27436823864871,1.20776953225429,-2.05588544663114
"155",0,0.0927723047917766,0.325118087397369,0.358112777813691
"156",0,-0.901908702250648,-0.35124211109646,0.0149239559390571
"157",0,-0.955493394106704,1.03741789363193,0.0266963053622551
"158",0,-0.375000034251748,0.476319094536374,-0.229182041584311
"159",0,-1.15296608645985,0.199890271325115,0.286966976098348
"160",0,-0.940604300064615,-0.820461818917549,0.378590946712399
"161",1,0.636559215769202,-0.192309169846012,0.533101587599432
"162",0,-0.946142459730215,0.531771169415167,0.0833120713068057
"163",0,-0.210608238880494,-1.16999666345666,-1.78067049949441
"164",0,-0.729816931489713,0.146017032676865,0.40754298794678
"165",1,-0.757987443278646,-1.7772424278441,-0.0475023980564261
"166",0,-1.39061866755364,1.0149958625626,-0.333734993788925
"167",1,1.97355615545945,0.23270429770834,-1.65827580397959
"168",0,0.697042584503408,0.918784248757415,-0.42159611298365
"169",1,1.56949787270653,0.655465164961833,2.14580404615679
"170",0,-0.195153454618419,-0.4972538194709,-0.10468693664243
"171",1,0.603811272276161,-0.220102790854513,1.8756079674485
"172",1,1.79987281157288,0.202009903875606,0.0370757630771361
"173",0,-1.32531853753583,0.570282946987311,-1.00149686032746
"174",0,0.276301922358512,0.569073514682481,0.155032233579718
"175",0,-0.538752231621772,1.09972747765467,0.875637278678616
"176",1,1.49646155726478,-0.859809443160519,-0.965447358896687
"177",0,-0.366027995559135,-0.310174586885486,0.542706155679346
"178",1,1.23771582575972,0.388123972364042,0.466347428700855
"179",1,-0.315712791375489,-2.45640519869347,0.00499311180950104
"180",1,0.400051743173815,-1.85378358490091,1.91736288000014
"181",1,0.762550228340575,-0.444035062122267,-0.408790263767157
"182",1,0.906963019202565,1.09647735050429,2.57015988305744
"183",1,1.20618737110622,0.211563076936946,1.08294826558729
"184",1,-0.394854749382341,-1.85522271366599,-0.428263203285024
"185",0,-1.42295351107402,0.719069059897303,-0.497130079809355
"186",0,-0.862856689949259,1.46477237473338,-1.85931690466693
"187",1,0.95143211637376,0.766595866667866,0.299509955024696
"188",0,-0.686299364796819,0.263127342452172,-1.08641176102417
"189",0,-0.389350695001525,0.976633283673854,-0.0210926521576604
"190",1,-0.725504157005086,-1.22810505649127,-0.754742872146675
"191",1,1.36084393349404,-1.61270700621554,-0.260435156200052
"192",0,-0.182072017934604,1.00166220290315,1.06334232584748
"193",0,-1.75638693429929,0.844174927426333,0.429135941407521
"194",0,-0.518610635865644,1.35459832922199,0.777545901479206
"195",0,-1.31127761264757,1.6262276843901,-0.358821007044383
"196",0,-0.0218385696342307,0.0977354678303243,-1.07098770017337
"197",0,-1.95935096539395,-0.440668852447849,0.828348543234938
"198",1,1.62293556273135,0.132610578567048,0.259300062629073
"199",0,-1.3471218977369,-0.554847228590055,0.677900395366101
"200",1,0.735193151481239,-0.752005948232615,-0.494094103615046
"201",1,0.512272923646556,-1.30498477265283,0.158792042413474
"202",0,-1.06267839136082,-0.255816991456709,0.270367872939365
"203",0,0.46579317024148,4.52664732353416,1.0303584071287
"204",0,-0.795257814078923,0.137463424211466,-0.881031923268174
"205",1,1.46870747868892,1.50430172064359,0.369859348580062
"206",0,-0.203722701231752,1.10025009984872,-3.06820540996097
"207",1,-0.0827612045111308,-0.299128862042309,0.0295172888180869
"208",0,-0.190487033396586,-1.06538216877068,-2.0920325959348
"209",1,0.53849264196407,0.613906777862749,-0.672356216670618
"210",1,1.63736164062824,0.537745579135897,0.0163021997231875
"211",1,0.596170019589552,-0.298356407025785,-0.277246283627015
"212",0,0.0931505937536631,0.675938469740117,-0.179341845840089
"213",0,-1.06656820055325,0.942095339536043,0.763889222489152
"214",0,-0.341833531948572,0.168726562549631,1.38699345271024
"215",1,2.61922565771371,-0.370886358801827,0.449114205701028
"216",0,-0.446199502899114,0.0292296530502832,-0.287767168106453
"217",1,1.03927628620933,-0.985467193439901,-0.86003379188877
"218",0,0.862434788699095,0.0825393929056859,-2.79483339205303
"219",1,1.22670484844606,-1.51974446113865,0.316127399722073
"220",0,-1.48204621320218,0.844176677367244,0.752501582769477
"221",1,0.797231020200957,0.663066574423007,1.6860455086187
"222",0,-1.17771221062508,0.646773010045798,0.441783806315826
"223",0,-2.67492898762784,0.856233322330701,-0.18766893541677
"224",1,0.0806639555452992,-0.247051971087837,-1.21974591917961
"225",1,0.920879308588881,0.642744024800765,-1.03389272910734
"226",1,0.282607003452973,-1.89435712094999,-0.217222172514506
"227",1,0.430520785046757,0.570667320010595,2.44228181975051
"228",1,0.171853020153631,-0.683861893930023,0.0162906116526849
"229",0,-0.242316294715496,1.0237119386918,2.14857725671858
"230",0,-0.70111964245668,0.120890747581353,0.760340141032134
"231",1,0.508162086341071,-1.63396559332717,0.0820353439416043
"232",0,-1.64387510082724,-0.322071049480386,-0.294607669005641
"233",1,0.746647829387483,-1.92795880765446,0.36616564950802
"234",0,0.175004966521625,0.255381595425499,-0.355118324036587
"235",0,-1.03318769543044,0.768431153823117,1.24898575508137
"236",0,0.610885741874148,1.47356061847497,-0.0848924111495747
"237",0,-1.96011963538597,-1.34236979948171,0.105509325408723
"238",0,-1.38286474328553,-0.685352301680089,0.277990762798929
"239",0,-1.63884821660729,1.28782946571187,0.29864723201665
"240",1,-0.146899648029168,-0.925489003268762,0.3152164012076
"241",0,-0.834702105898256,0.723663612750395,-1.23614954749414
"242",1,0.109564710746971,-0.0834138713524875,-0.400167735685526
"243",1,0.749941235505912,0.195655037683385,1.09214405431209
"244",0,-1.86384714621778,1.54055849469455,0.691432910816797
"245",1,1.17741882366843,0.309471687327866,1.03767559334579
"246",0,-1.48621341326143,0.894472968752649,0.189340535249647
"247",0,-1.33661664352152,-0.0503613732399104,-0.649083082206221
"248",0,-1.27757454975735,1.05110002618969,-0.541000412263538
"249",1,1.95960910642306,-0.322596162881925,-0.0508161025768375
"250",1,1.75404486608336,0.243295906179505,-0.798209264791362
"251",0,-0.234384926330402,0.392243347447168,0.107529196194307
"252",0,-1.84068035626789,1.30826469770817,-1.78423861087595
"253",1,0.819829242697291,-0.310405601522882,-0.125120895956649
"254",0,-0.663828129146037,0.0264209566884702,1.11598833323363
"255",0,0.212916830316082,0.657247496168766,0.655696659582542
"256",1,0.753721404079212,-0.830842143976943,0.292732296817277
"257",0,0.335239182730743,-0.0612574808213026,-2.51668662557131
"258",1,1.34764191859011,-0.809871244348061,-0.959492482598875
"259",1,0.535912103022537,-0.51002521132477,-0.507658838028195
"260",1,2.75410705289404,-1.50868471368236,-0.202230923415808
"261",1,0.393604996431486,-0.542855351590266,-0.679927069851796
"262",1,0.625676336660459,-0.0992927281721161,0.236070792146431
"263",0,0.0916405235540172,0.9427370953195,-0.708043640330106
"264",1,1.6301051179397,-0.852216834575278,-0.602554990477201
"265",0,-1.52085858162622,-0.431894299519356,0.153769440024948
"266",0,-0.53854548392313,0.648379853789032,-0.67426246999951
"267",0,-0.220555927479339,-0.791570771444607,-0.830907803873034
"268",1,0.213945076989384,-0.84175850078296,0.110415266741953
"269",0,-2.51842623141389,1.05353177255932,-0.850162904774139
"270",1,2.14430659352952,0.492479383956056,-0.923999048904263
"271",0,-1.38441799180263,-0.203191497053831,-0.0541953107203825
"272",0,-1.71229353293498,-1.07190805405708,1.33784771161151
"273",0,-1.15817216257902,0.128411890982859,1.08202857048328
"274",0,-0.672504453911203,-0.0529136697455924,1.0224338544528
"275",0,0.529735485857593,0.0751529373414648,-1.89254037531883
"276",0,-0.509955329281762,-0.92095610405297,-0.456301638733886
"277",0,-0.250165933575335,-0.825650287742951,-0.091176910390137
"278",0,0.479929135681621,1.20883806646689,0.73419595884919
"279",0,-1.08595442931015,0.584023298911174,-0.810195718668999
"280",0,-0.753383537989599,1.93960519299012,1.1220448220447
"281",0,-0.187881837591601,1.15168709661787,-0.598307634045908
"282",0,0.382441134787935,1.38938174491011,-0.233823303614676
"283",0,-1.04063610858131,-0.0349068106386345,1.95832334429867
"284",1,-0.233264955580552,-0.801109654249103,-0.679578142973492
"285",0,-1.20118648038545,1.63533842129724,0.715261841898551
"286",1,0.325691580781786,-1.62149169572015,0.837019979781399
"287",0,-0.792096850854097,2.02744994278449,-0.612547492942527
"288",0,-3.16585175554677,0.0796062957886348,0.232217892235788
"289",1,0.445532855938875,-1.7430323508846,1.29320561784255
"290",0,-0.627347394785923,-0.587624654066625,-0.820921483015237
"291",0,-1.42180704552439,0.333201295648383,1.37970553894576
"292",0,-1.08769476235601,-0.901167563316352,-0.592671774706754
"293",0,1.09765399627406,1.29305735820208,-1.306378785848
"294",1,0.746547969665097,0.98463784236556,0.67343750593363
"295",0,-0.396209507741532,0.502292144302154,-0.472972446850737
"296",0,-0.12096342744496,-0.85874804144218,-0.974532645523882
"297",1,0.0123223064086601,-0.991444424099925,1.24562296029657
"298",0,-1.84581317353246,0.64389183250408,1.34414841128146
"299",1,0.0913561291463661,-0.409586838676668,-0.0458877302144666
"300",1,1.03469603903055,1.80160507435974,0.380996056859208
"301",1,0.487512053063182,-1.68990383380921,-0.895470588613668
"302",1,-0.444397138294175,-1.61071437610473,-1.2076452329985
"303",1,0.113707257524007,-0.451894219859205,-0.228180013987829
"304",1,-0.428530372250886,-1.7976174531533,-0.104987063682734
"305",0,0.0096053130237133,2.07738576840409,-0.693318459306883
"306",0,-0.658048241861471,0.702748007461003,1.30915056000814
"307",0,0.288616789821686,0.8775905225573,-1.35085115954997
"308",0,-1.42909277475353,2.24863749072171,-0.326926055234412
"309",0,-0.759865544415172,0.30079690645097,0.680740564447288
"310",1,0.621344898250895,0.111128852661759,1.65251772542568
"311",0,-0.585665816187342,-0.627293118876785,-0.941129509278787
"312",0,-0.892349535532526,0.886991084851564,-1.19738789289182
"313",1,1.40353764329148,1.2263534220891,0.775443257609389
"314",0,-0.587952574144056,0.526392691409359,-0.52583529826905
"315",1,-1.58948395703775,-2.18193552601624,1.96944129186879
"316",0,-1.2717718637562,-0.761494093739514,-0.142844923748536
"317",1,-0.931090828587868,-2.04706440239757,-0.403461234746368
"318",0,-1.33120150709183,0.359413788894768,0.0748774350476556
"319",1,0.578198677267981,-0.980676952816677,0.680415930812197
"320",0,-0.635732269271484,2.26040041393562,-3.27369139549451
"321",1,1.17283009065768,1.04362557559565,1.13484873790726
"322",1,1.0785725217606,-1.2342354534846,-0.178099937588024
"323",0,-1.40912463612702,1.21136498549673,-1.08452526039922
"324",0,-2.49356502713611,1.57301198684743,-0.549056188854198
"325",1,0.875433721589039,-1.35596524420328,-0.461912860045871
"326",0,-0.985400526491592,-0.631430981089749,-0.148804227750044
"327",0,-1.26148885070538,-0.49021078217083,-0.891526861425433
"328",0,-1.09490641948647,0.457453471841822,-0.7418534400165
"329",0,-0.625372512597549,0.820678742616651,-0.617250734499889
"330",1,0.768463473813663,0.461940824390637,0.420672487024503
"331",1,0.226481090618699,0.655750211507636,2.5778594093379
"332",1,0.503190736415507,0.13157783477064,0.554743721573882
"333",0,-0.123449392372794,0.779906767103071,-1.80080451459261
"334",0,-0.0516157441967451,-0.208665635869344,-0.249087670641063
"335",1,1.28338783895758,0.748284216211702,-0.371138322008432
"336",1,-0.342280864216089,-0.745846171703999,-0.313271722646456
"337",1,1.62184825108608,-2.15891484305654,1.05574864100112
"338",0,-0.742280536468641,0.489191170289746,-0.539192836227929
"339",1,0.00974436580426024,-1.1274074807421,0.649656572153824
"340",1,0.993108563810788,-1.04892051048348,-1.9580241321485
"341",1,-0.210124746969953,-1.349104662228,1.91816327519576
"342",1,1.21573066841834,1.00590134080765,0.377389826854426
"343",1,2.32009289916328,-0.250307404962703,0.245395562113337
"344",0,-0.851867941107178,-0.755445137565547,0.266419178012076
"345",0,-1.34733073987593,1.01157592958957,0.27968818507385
"346",1,0.46032725330714,-0.121713983383258,-0.114271488322135
"347",1,0.151383089308009,-0.675929553635706,0.156845014090516
"348",0,-0.393884733003115,0.164310374304924,2.01414673507534
"349",1,0.683823146205571,-0.405572358034848,-0.473232462689972
"350",1,-0.211806104887221,-0.0308096791233204,1.45978968847845
"351",1,0.74754702256233,0.223681643907816,1.20670929086449
"352",0,1.10427532712394,0.930850210492335,-1.6353045055098
"353",1,1.85330055030703,-1.8838068280715,-1.31120997155343
"354",0,-0.692840731933414,1.01300722865432,0.497877020547828
"355",0,0.0373983368752727,-0.316943428192461,-0.868887173157778
"356",1,-0.0678374789694009,-0.409437863916252,0.565626868360593
"357",0,-0.356443557170267,-0.174593396344658,-0.92613154623274
"358",0,-0.410528893583732,0.737607300326685,0.391233995557529
"359",0,-0.686914053857394,-0.0649062834008893,0.0228524453035176
"360",1,-0.438202846272844,-1.15912558758352,-0.508348645234095
"361",0,-1.27735283611843,-0.974361527143255,0.905986089452143
"362",1,0.670124092775436,-1.17176935205363,-0.350662827332449
"363",0,-0.688461564666345,0.912168969001387,0.217694120736766
"364",0,-1.25955380367015,-0.0614785806142485,-1.07618389253644
"365",0,-1.15944955915419,-0.365680081080194,0.847243413245032
"366",1,0.0671763116677562,-0.120978716930771,-1.76665832346385
"367",1,-0.0218988164217377,-1.7914019427914,0.182402003984516
"368",1,0.622886316504945,-1.45167115102324,-1.75268737647753
"369",1,0.0160159767421058,-0.338698269418693,1.49564128811575
"370",0,-0.692168990915945,0.786179605926176,-1.35545542519071
"371",0,-0.758675597867752,1.04614999464135,0.0156258521788901
"372",0,0.810637843833127,0.595998233216177,-0.424827692883774
"373",0,-0.111362734419089,1.32109703667659,0.826223755988786
"374",1,1.78112183154011,0.499339293444303,-0.966411169729399
"375",1,-0.228368826287794,-2.35508881990904,0.495263483746409
"376",0,0.0316557378562203,0.73027879238699,-0.501742811727033
"377",0,-0.126456012183363,0.627743537358061,-0.636193394652457
"378",0,0.615975753128781,-0.0611262674065467,-0.508219406595596
"379",1,1.99676010426596,-0.495243796828333,0.949982835917038
"380",1,0.0194613265288777,-0.940941733059939,-0.764810667863392
"381",1,0.695005272737083,0.436383295067518,1.0171765187915
"382",0,-0.527409670584546,-0.052937527841919,0.489411106547752
"383",1,1.88889224862969,0.0287500498820598,-2.65291741120155
"384",0,-1.04998296591048,0.0962416606080302,-1.32966576390242
"385",1,0.43938395439433,-1.54990493974367,0.625794669378659
"386",1,3.43932604368793,0.940762123840971,-1.88649132381088
"387",0,-0.887219142999622,0.826277931264872,1.88751743367978
"388",1,0.172637170906549,0.448432569252871,1.02643631717673
"389",1,-0.36950305500949,-1.40961806851419,1.94859263260848
"390",0,-0.988716240521915,-0.0507306122467262,-2.02864605090202
"391",0,-0.410202307076761,1.01271155642536,-1.54628298309881
"392",1,-0.254530992417771,-0.0593126887148876,0.446499616403419
"393",0,0.607237724252316,0.706488244426143,0.186109480526525
"394",1,0.808643092168284,-0.0892270990080834,-0.891970298498322
"395",1,0.486692315666731,-1.13810904195171,-0.0135264907900702
"396",1,2.13053785123763,-0.262353047583112,0.253434938425947
"397",1,1.2034967334327,0.566251450172787,-0.335065305097667
"398",1,0.441311953663826,-1.83181184475059,1.01218084148216
"399",0,-0.785981440383794,0.538114977370604,-0.639079720164511
"400",1,1.16440081432551,0.783662889356823,1.1445807072448
"401",1,1.70397830294118,0.829856967372922,-0.616040819376925
"402",0,-2.2790819646068,0.768077554953301,0.584769319205295
"403",1,1.23114092639942,0.890165726423626,0.453142875101325
"404",1,1.835009312154,0.252117764822436,0.859263795578094
"405",0,0.204252264330116,0.936636344783164,0.556460496153024
"406",1,1.47892715514944,-0.968137477569534,0.671401535799441
"407",0,-0.68086152980477,1.23707646473867,-0.422368159949341
"408",0,-0.14412985322816,2.15054145456092,-1.69507350006944
"409",0,-0.380522075730255,-0.642369400220459,-1.20225796399272
"410",1,0.526732686362056,-1.52802285596278,-0.217647387254255
"411",1,0.61098707650118,0.605489483818349,-0.474851834828657
"412",0,-1.01021092693139,-0.574819550705165,-1.0656927629805
"413",0,-0.417885460571305,1.15205036739211,-0.14381268806982
"414",1,1.41553393431401,0.340729297652281,1.57660872524573
"415",1,0.624882044781047,-1.09881599731724,1.09517715593269
"416",0,-0.22131512428736,0.334040746066645,-0.543994890527198
"417",1,1.13177333036558,-0.635858655505822,1.99227259713849
"418",0,-1.93965471240642,-1.03992997562034,0.800429239778609
"419",1,-0.718069082731956,-1.49062442909271,0.859772545409671
"420",1,-0.257284184870105,0.328285766644809,0.506357126699101
"421",0,0.774109077323458,1.2008531893317,-0.809475904708293
"422",0,-0.580239923174435,-0.686585480805517,1.48377741848281
"423",1,0.227960798082878,0.735654991496316,-0.132159655919331
"424",0,-2.13026052691207,-0.387492044624975,-1.25343586938846
"425",0,-0.866386958602381,0.04191545476864,-0.0766507809317736
"426",0,-1.43242025556953,0.990656328712802,0.915190740070771
"427",0,-0.0110934074119489,0.893040800486364,-0.737578720467017
"428",0,-0.0414407770017053,0.872793351772147,-0.900994141966655
"429",1,1.53151273013872,-1.60799797456588,3.78033339857935
"430",0,-0.194420701317898,0.137653985150709,0.0702109538406917
"431",1,0.630506981280235,-0.230211397988166,-0.183271405923772
"432",0,-0.726746259453587,-1.15055922077109,-0.637274159277568
"433",0,-0.974948719322275,0.830385321879235,0.929502632302625
"434",0,-0.474629348679194,2.99352944828711,-0.825542776125979
"435",0,-0.801305563606881,-0.51806085621309,-0.181244098187118
"436",0,-1.39660466476035,-0.646173622552506,-0.420476889710845
"437",1,-0.247832357129975,-0.375517495726086,1.09353646191274
"438",1,0.366122221284943,0.899109709834527,0.560809163017148
"439",0,-1.52285325832007,-1.08203789609242,-0.721870591334904
"440",0,-0.46243808902097,1.69646615277357,-1.14035924788122
"441",0,-0.988172825204412,0.265401661830995,-0.80672366511376
"442",1,-0.019648175412961,-1.22440987655085,0.33414037335408
"443",1,0.133224715166278,-1.20262425599129,-1.1331858616673
"444",0,-1.08529604615322,-0.150509266434704,0.634957763972944
"445",1,0.309566970637601,-0.268064166095903,-0.387980250554209
"446",0,-1.4219073119173,0.523233093091554,0.22619452179185
"447",0,-0.846615984946303,0.120318514457428,-0.0136971254613293
"448",1,1.66309937167973,1.3349995355903,-0.218180420564497
"449",0,-1.12647423159436,-1.4954622274955,-0.954719698629255
"450",1,-0.244342112997937,-1.27655223608624,-0.137655156722721
"451",0,-0.699280039377459,0.287171460358164,-0.120160611375403
"452",0,-0.171505322124433,1.64520593366779,0.315978320539902
"453",1,-0.0223311568323331,-0.381623789310504,-0.562441780320022
"454",1,0.0810965238957157,-0.509346121126303,-1.3971259649372
"455",1,1.44185363752627,-0.629223197767943,0.882805160248012
"456",1,1.28055311862447,0.0880125141985632,0.454319239580752
"457",0,-1.21329595522727,-0.339693316142957,-1.62142531764342
"458",0,-0.144151819176448,-0.110782848135222,-1.37077257682212
"459",1,0.869891152621509,1.31128751335181,1.02647027483303
"460",0,-0.549940368550799,1.06157591920156,-1.37946329080741
"461",0,-0.791600861364921,-0.050793073997451,0.840504864497117
"462",1,0.562715046779612,0.667267574237727,0.264076678727717
"463",0,-0.689939372586328,0.185507695996328,-0.702232086585691
"464",0,1.13975672909309,2.23177925085953,-0.834501460310411
"465",1,0.609487745068584,0.15134442014248,-0.277931584362491
"466",1,0.355487868393907,-0.408642354083765,0.0347285619312615
"467",1,0.226399959757313,-0.541079671602134,-1.06703023861914
"468",0,-1.51337924852804,-0.286554978827955,0.260918231242609
"469",0,-1.82554735719645,-0.61722870797476,-0.362822560801882
"470",1,0.480313126855299,0.730698757604572,-0.000369463730801878
"471",1,2.60672196769822,0.917876826315687,0.442836694307987
"472",0,-0.78694131195743,-1.06404880584327,0.209638665023097
"473",1,-0.284030684879511,0.628032474121759,0.733492985207096
"474",0,1.22676036523608,0.627172501324348,-1.45079839400836
"475",1,1.45212822211931,0.574753714144679,1.58073909570537
"476",0,-0.392372506729734,0.507766359731395,-2.44809515896761
"477",1,-0.277155911001983,-1.44385037129699,-0.754964974691421
"478",0,-0.78334756384342,-0.293771378847616,-0.752301731157619
"479",0,-0.683792859437963,0.156787143923158,-0.0175809790587163
"480",1,1.03234986881764,-0.0933648276687358,0.511612745654011
"481",0,-0.189665784056547,0.779148105435873,0.444626199315039
"482",0,0.200347415947726,0.591676141823966,-0.746809738193622
"483",0,-0.405963908200497,0.864830999714985,-1.0129687090456
"484",0,-0.202021480266341,0.0759290506192824,0.0328288764623618
"485",0,-0.786372263717196,-0.29671879805233,-0.466867996184966
"486",0,-0.835566280253933,0.375792814009023,0.6061235092978
"487",1,1.16932005918221,-1.35489240774642,0.367698234242002
"488",0,-0.116662939912572,0.314093553465047,-1.03609119179294
"489",0,-0.561171315855823,1.35440868178715,1.11759497149423
"490",0,-0.351950819010093,0.921370877286252,-0.163998422990568
"491",1,-0.113548216326413,-0.294687614584999,0.439604482853782
"492",0,-0.0979593763366754,0.923907993189445,-0.924073996838451
"493",1,1.23429272379398,0.923612809961069,1.98043056991584
"494",1,1.74393743220785,-0.879804658210068,-0.316325348102285
"495",1,1.06196855832997,0.293368082666951,-0.106024447853931
"496",1,0.385679702942372,-0.774935822666022,-1.84322403565221
"497",1,0.894969046602051,0.538720793875331,-0.369890335300287
"498",1,0.171706443940139,-1.44104541669759,-0.814858044682108
"499",0,-1.56699587748864,-0.00392458270729117,2.16819605847965
"500",0,-0.61842234343521,0.986432229617748,-0.311381405068337
"501",0,0.181637332223744,0.179037395652612,-0.788680921752489
"502",0,-1.75506088982429,0.459846596395483,-0.659859911784949
"503",0,0.360079847021208,0.201480750934244,-1.80533304442781
"504",1,0.518979979101469,-0.0994759191547467,-0.72520748751837
"505",0,0.589932886546339,0.996462411645825,-1.18823796072134
"506",1,0.0454451616266711,-0.415095598784462,0.721161211369193
"507",0,-1.11569289492877,-0.445910920137973,-0.292553419417304
"508",1,0.18335557800949,1.31409589508761,-0.219171239061501
"509",1,0.902426855994309,-1.61767389444604,-0.77239475744468
"510",0,-1.91367178314843,0.102869222288094,0.0269956338447105
"511",1,0.550768068447388,-1.40694241791472,0.823247952470313
"512",0,-0.956925631131816,0.0634622739379626,0.352259713535945
"513",0,-0.508999974743844,0.261047006019857,0.238913441799501
"514",0,-0.539823586985029,-1.22614405410868,-1.75383346190067
"515",1,0.828388852303668,0.87140017911747,-0.0273455393072628
"516",1,-0.702528180613463,-1.09905417609298,0.659684464138416
"517",1,0.0724339059151489,-1.50211229934982,0.0636462637779126
"518",1,0.98031419697598,-0.0393244858214238,0.548431316403503
"519",1,0.785184857660223,-0.823322113159908,-0.176410742235535
"520",1,2.60365597959015,-0.333906665179918,-2.31826487206188
"521",0,-0.0206358513888539,1.15262033527324,1.6238861294854
"522",1,2.12065109535759,0.713564858412274,-1.23430458855001
"523",0,-0.932612929822178,-1.7307620900476,-0.255339958305302
"524",1,0.322499690399991,-0.132321866294476,-1.02572738893651
"525",0,0.551493764560199,0.167334181653497,0.775542138662015
"526",0,-1.49205282229474,0.133892475302135,-0.235856634854257
"527",1,0.379670928933266,-2.84589666542747,-0.266293558197596
"528",1,1.58603484154323,0.929258477486909,0.13137824008068
"529",1,0.143321719451617,-0.381048152373533,-0.486662127105758
"530",1,1.2383363328072,0.483554734531433,1.98644377939725
"531",0,-0.457926444036619,0.369022944724318,0.202880428563798
"532",0,-0.0483208828665222,0.0120658704945353,-0.433193312604304
"533",1,0.659237380897838,0.911864919109026,0.593931257452414
"534",0,-1.04407001485743,-0.610987602125531,-0.875964332904277
"535",1,0.296736474325591,-0.427456829186644,-0.21733168725679
"536",1,0.69967769815798,0.045140928107983,-0.459226732088149
"537",1,1.05933118433233,-0.171171875063686,-1.8182569388682
"538",1,0.166114005880186,-0.194481926763884,0.045081507851253
"539",0,-1.28442082015319,0.0904018977973167,-0.692000352056819
"540",1,2.17901259392443,-0.770669265911988,1.4980738114332
"541",1,0.296240828872971,0.134491419261777,0.127756113009079
"542",0,0.142314658136891,1.44874363085021,0.261326516422491
"543",1,1.09930847222818,0.00376726947849279,1.07666153903177
"544",0,-2.13483612181263,0.1215268961,-0.470864646756862
"545",1,0.51543525586785,0.484909172348223,0.951210187325893
"546",1,0.734753291353135,-0.248668005429874,0.193534947227448
"547",0,-0.854289551887226,0.565198114573218,-0.796994129441671
"548",1,0.896068988555132,-1.23027361114292,-1.12441932618401
"549",1,1.13296242936031,-0.509738410135787,-0.37378977593788
"550",1,0.964891584587778,0.955766521038865,-1.83631619379006
"551",1,-0.614915118625568,-0.568833522815101,-0.658130417679298
"552",0,-1.00434445022131,0.19973496640107,1.45741165716957
"553",0,-0.537829005106889,1.44094612075487,0.134839202233573
"554",0,-0.103425591576708,1.49711640535816,-0.510290656195055
"555",1,1.3757287851942,-0.287373190893907,-0.0864355875916294
"556",0,-0.935530074357747,1.85179734492626,2.28709721183586
"557",0,-1.49723606014929,0.408864063695039,-0.34213731249777
"558",0,-1.56862575611077,-1.18917166455461,2.34903380581131
"559",1,2.11600284020956,0.894583965946061,0.502244413631829
"560",0,1.18410874510421,1.31770951912838,0.0283485654179437
"561",1,1.26967682295681,-0.896918146019189,2.28557992311414
"562",0,-0.839032900768025,0.306080321004754,-0.605339809533999
"563",0,-0.758647230483793,2.60174855637731,0.557799107405731
"564",0,-1.39006760750972,0.251061716717316,-0.213260454327242
"565",0,0.0332146338195247,0.945759424861941,0.0452891292683428
"566",0,-0.936657683654928,0.4245989549131,0.0969083436349225
"567",1,0.393116211982756,-0.841803562212836,1.12148639568416
"568",1,-0.00978315944525053,-0.374755639600507,-0.614155779064007
"569",0,-0.957496417806874,-0.140443066108371,1.21287987633304
"570",1,0.353245605463104,-0.963461914531971,0.07926222055795
"571",0,0.257185055451805,-0.128586933728153,-2.30547142830945
"572",1,1.32943580204006,-0.366378062249624,-0.822707598222368
"573",0,-0.320324071837309,0.28567026736923,1.07033940511095
"574",1,0.182402656396257,-0.778832008282148,-0.144484438688358
"575",0,0.175308067610711,1.74552581102928,0.817827357257392
"576",0,0.246668789065449,1.68278488489426,-0.420727731746968
"577",0,-0.364820038011784,0.629149579903591,-2.57999718545897
"578",1,0.852692804354225,-0.0256621461218752,0.0549993464484754
"579",1,-0.333865767300549,0.109425322900722,1.42227317758129
"580",1,-0.0661904752211239,-0.394374851570247,0.189013693316876
"581",0,-0.338713518318016,0.451730208596309,-1.02573355560672
"582",0,-1.0208506637905,-0.33628273479242,-1.21374194216895
"583",1,2.2365470581804,0.658267718778854,0.903706074538494
"584",0,-0.708763716650174,0.0685143919161428,-0.15177025767917
"585",1,1.60863552820736,1.00036552501992,0.826125495838458
"586",1,-0.0425122143801275,-0.45907519558108,-0.124132583398471
"587",0,-0.718485180618788,0.836150929606059,0.0467157006721907
"588",0,-1.34311292645745,0.901975085647438,-1.06756132653664
"589",1,-0.0893966289223147,-0.335834095859305,0.255344664210246
"590",1,0.948110831819828,-1.65466924721483,0.276872856313072
"591",0,-1.10136585480937,-0.347414904583736,1.27210639494248
"592",1,0.261242841146334,-0.295561711261217,-0.742373726488132
"593",1,0.29597562579712,-0.692036827121526,1.02980079861094
"594",1,0.461504708295816,0.316107642660127,-1.27433970919476
"595",1,1.81460987568249,-0.030182257318218,1.11608077491521
"596",0,-1.33046568611439,-1.55098128227188,-0.066040446093497
"597",1,0.0636533369647694,0.467245010402402,0.57535552233245
"598",0,-0.951268708023922,-0.360430264354392,-1.42489470557529
"599",0,-0.521997984231046,-0.363369449271271,-0.217821007386411
"600",1,0.178150693783678,0.11769882678342,0.73582267086269
"601",1,1.18172162606383,-0.390543618676788,0.681921201440133
"602",1,0.450168520426923,0.0431183642890166,0.763466679660216
"603",1,0.212854329780377,0.111389710589892,-0.568510309070072
"604",1,1.6956298208924,0.848952325145587,-0.48393764274253
"605",0,-1.03075105557099,-0.127342402327228,-0.170482222346887
"606",0,-1.75860164864059,-2.4210333308873,-1.3165773366649
"607",1,1.79475966413305,0.357081593686383,-0.880416085453966
"608",1,1.18480471899551,-0.124302425720593,1.30354657774353
"609",0,-0.514200696278176,-0.562042637310713,0.0643321867634911
"610",0,-1.92137135083187,2.08229271888925,0.406978068650676
"611",0,-0.303997460283728,0.176360417685408,0.595351048355668
"612",0,-0.334380663911084,0.00495299714038048,-0.615929901897053
"613",0,-0.0807424881219028,1.4842702658964,0.72685933339661
"614",1,0.516161088107228,0.0665792435493483,0.442884558944895
"615",1,0.991080331717269,-1.12275880765274,-1.28592082085546
"616",1,0.653619222654943,0.0130169229104311,0.039578600972461
"617",0,-1.08983763228189,0.765148294888261,1.1205222302175
"618",1,-0.509640902664244,-0.857336805566796,0.455611250618352
"619",0,-2.03325809755425,-0.73420654363001,0.228602858836819
"620",0,0.742078185703162,1.26468097599945,-2.16911076354315
"621",0,-1.24404202172905,0.188980041387892,-0.524682923573017
"622",1,-0.151214739164898,0.193728193708385,-0.194899170701076
"623",0,-2.35955990589074,0.368544909968947,0.183755780666064
"624",0,-0.00511490624895289,0.829461875218909,-0.279388568710912
"625",1,1.07219656800724,0.505605962638463,0.826043751694161
"626",0,-0.742779650311414,0.245459437367466,-0.645387109531858
"627",0,-1.90347516824016,0.628115875861772,-0.4484407261252
"628",1,-0.436441016056242,-1.63181746566236,-0.595017889061051
"629",1,2.13921988702574,-0.131189260942524,-0.45898584937907
"630",1,0.78903593885092,0.924677694778073,-0.754874745241832
"631",0,-0.497044575249504,-0.194099152573854,-0.802196893439068
"632",1,-0.0941583957105608,-0.451181262630528,0.389054933834807
"633",0,0.0677910600933134,0.544034962143681,0.25222868341706
"634",1,-0.326924580817136,-0.149020972990348,0.672240052603409
"635",0,-1.66623499991478,0.488770795241706,-0.627349474121971
"636",1,-0.567584834631863,-1.70900719078437,-0.112515384650577
"637",0,-0.464505218961505,0.494805601742666,-2.30415569486146
"638",1,0.732576356884971,-1.25763595237719,-0.252663459341918
"639",0,-1.2857129028288,0.207561591340475,0.144053615489649
"640",1,-0.118679585942441,-0.419407300939537,-0.824674172012253
"641",0,-0.190009320299134,-0.283186393236271,-0.244414975574177
"642",1,-0.0905082524510206,-1.10030302996093,0.550255065783812
"643",1,0.956863021406502,-0.21397463614586,0.459267199073008
"644",0,-0.692946079474938,-0.490334105751707,1.0674297097565
"645",0,-0.656126436922731,1.33889841375404,0.279942207859158
"646",1,1.58014115507605,-0.70445681110103,-0.223695987672356
"647",1,0.749172529986575,0.758677900693686,1.49760345711129
"648",0,1.12124172430302,0.595077016304616,-1.5778637947604
"649",1,0.502910547181234,-0.542223585307179,-0.655350394235217
"650",1,0.835666681059946,-1.18679918155279,0.153974655294441
"651",1,2.21978937879956,1.30158249631989,-0.916449973682519
"652",0,-1.03053403039159,0.692393605212986,-0.764309770927008
"653",0,-0.853656623438806,-0.480758261540054,-0.34868290277466
"654",1,2.01631236552053,-1.34164142377806,-0.527787022739409
"655",1,0.947257272703745,-0.932855332363199,0.336896480266045
"656",1,2.35724778996427,-2.00676736698956,-0.582581093260131
"657",0,-0.617388359112809,2.42520638085398,-0.739122702457147
"658",1,0.986701038525458,-2.21813962820182,0.0727227905737086
"659",0,-0.414942912288151,0.473156158451137,-0.950746056766827
"660",1,1.45697578510237,0.124310467482114,-0.438918642278006
"661",1,1.08730105614622,0.0880270980158609,-1.26960360429688
"662",0,-0.492605805838993,0.342478682403392,0.540805078616403
"663",1,0.508927469013029,0.477505055654743,1.28599216025232
"664",1,0.62162639148886,-1.52218579775684,0.441306303245178
"665",1,1.29361676755688,-1.64920332033428,-0.580542150862147
"666",0,0.401078008990205,0.974466773751801,-0.151139139654138
"667",1,1.89570109642625,0.177698489274207,0.435642559098154
"668",0,-0.347278765398681,1.61412511148684,1.3995191662169
"669",1,0.543492115288745,-0.930451029130953,-2.50642154284122
"670",1,1.09473095235753,-1.00505412223876,-0.534401915021827
"671",1,-0.8679019612979,-0.243160178313066,1.43670699833247
"672",0,-2.02152781051978,0.706566804351492,-1.27871140601225
"673",0,-0.203703874297425,0.136461433933014,0.166881091579373
"674",1,1.28170279750198,-0.375486422346879,2.10147929926629
"675",1,0.653550216093511,-1.67652652084053,0.286380700337313
"676",1,-0.0634636711323766,-0.479399710810472,1.21818122146884
"677",1,1.03756982158738,-0.944451153705922,0.512342950965623
"678",1,1.41262503240805,-1.34106103799372,-0.828135698414369
"679",1,1.78213097888064,0.0883679929905587,0.873147632281995
"680",0,-1.1222372727299,-1.1342938689691,-0.820902897401031
"681",0,-0.513928655313957,-1.11476132877583,-0.316878004210754
"682",1,0.152716505082934,-0.549177877154866,1.92982424974329
"683",0,-0.499970239518577,1.5589638883661,-0.894849760080498
"684",1,2.24606361759525,-0.0171156526501754,1.27312167008626
"685",1,0.169921429005839,0.0094064098595667,0.303260571764961
"686",0,-0.742491479898602,0.689799395874844,0.980129644761695
"687",0,-1.62824930904692,0.783008197677177,-1.57513383926036
"688",1,1.45721204379377,-0.684732178451491,1.74321959597881
"689",0,-0.849896856766243,-0.634024421930732,-0.173746897153779
"690",1,0.593746349316037,-0.443574175596308,0.374566877507036
"691",1,-0.584123238168296,-1.03870099712774,2.26722690603082
"692",1,0.790372342795943,0.680229367460454,-0.785629703660302
"693",1,-0.457062343004765,-1.22830855948297,0.245921659053171
"694",1,1.26760718619093,-0.0414182041105012,-0.0397629094763788
"695",1,0.939786366673257,0.328727282376289,0.330043598126016
"696",1,-1.19841325335085,-1.728980733222,1.63839069366853
"697",1,0.795377498442341,-2.14252685767324,0.0452767450114853
"698",1,0.901785392272362,-3.19709448583643,0.681018124330755
"699",0,0.34364472403994,0.498318743758331,0.119419971912032
"700",1,0.137228593687801,-0.0807326568951672,0.618507695646329
"701",0,-0.524340129983472,-0.657765770608118,-1.50466535544115
"702",1,0.805060360456853,0.0138576473692435,-0.871897175418397
"703",0,-0.100359047896055,1.70076914357008,-1.23784859855489
"704",1,0.299235710750021,-1.2789050268659,-0.812766773768777
"705",0,-0.016850695007181,0.670423559019029,-0.115501337181072
"706",1,1.146820492411,0.688039868668068,-2.2425887931295
"707",1,-0.108990824119072,-1.95026475030891,1.24314077427706
"708",0,-0.18980930037572,0.895181297453026,0.0384217982703499
"709",0,-0.870921511270043,0.157150923902989,-1.63149669989123
"710",0,-0.0864917802851529,0.387373676283454,-0.682090689120565
"711",0,-1.06256731940619,-0.677762509974336,0.721818022286495
"712",1,1.04827954243701,-0.523828242900923,-0.627289127891631
"713",0,-1.26088251191596,1.05772009807688,0.254676712110131
"714",0,-0.570449666886716,1.70309585474483,0.205227500282806
"715",0,-0.832727542110002,0.379775508529599,0.164823033474422
"716",1,0.141500620680909,0.112000286945851,0.960001699347847
"717",0,-0.565530309667205,-0.627416824173186,0.691520438820814
"718",0,-1.62178450048733,-0.751000959189307,0.565882370160125
"719",1,0.437521373316559,-1.31272072296275,2.00590532703443
"720",0,-1.11906992472473,0.621006870499177,0.465276479700852
"721",0,-0.305555632887058,1.27839814205605,-1.11016772896101
"722",0,-0.333664065945578,0.529641859727687,1.50422830430798
"723",1,0.501301400138509,-0.245507983135308,0.891354615195899
"724",1,0.721670784303619,-0.509779146874443,-0.228550095958864
"725",1,0.579047845408293,-0.791479850239872,-0.175011493363261
"726",0,-0.588393304407659,1.17361474994991,2.15544487315412
"727",0,-0.433253247645038,-0.186561825961791,-0.528640615962189
"728",0,-1.61501248837573,-1.1079388825483,1.13298417432271
"729",1,0.456076871736894,-1.59841673074137,0.58610160485648
"730",0,-0.225621180522046,0.523342563021086,-0.542794431463488
"731",0,-1.14902701681964,-0.540492492598792,-0.663284663493578
"732",1,-0.515868030763573,-0.44940671497091,1.38109749456065
"733",1,-0.0129080685814345,0.0473231226652273,0.26622152818314
"734",1,0.868110509781256,0.0914377768321316,0.616418600751904
"735",0,-1.51963199065636,-0.328083645527316,0.137116470169372
"736",0,0.418376382740983,0.260032048600537,0.411986164422376
"737",1,0.888879801315213,0.967852631866273,-0.194469492555531
"738",1,0.896115713975912,0.861929670229547,-1.01911738893337
"739",0,-2.2986449961299,-0.416947023370211,-0.470134035005021
"740",0,-0.879074580022636,-0.458396599135057,0.467966288424588
"741",1,0.55946104309801,0.138076504755149,0.440473130026063
"742",1,0.714997043614853,1.18786385221511,1.14495241274577
"743",0,0.824667148819096,1.89829754939549,0.559094876496182
"744",0,1.02684751392458,0.465674652546778,-1.05982527151898
"745",1,-0.338602208489584,-1.24018825159789,0.97338423120001
"746",1,1.28287521084426,-0.426898858841471,-1.44616256446238
"747",1,0.836927796025429,-0.329665316856019,0.120337733025133
"748",1,0.354202642216333,1.10040102689809,1.36635617864057
"749",1,1.00036771314428,-0.685988336414851,1.81268191404082
"750",0,-0.502044987669085,1.04814627705025,-0.795406559668774
"751",0,0.0307629142308534,0.163106971718639,0.392766703894421
"752",0,0.719484200775235,2.33689080773933,0.944523172618019
"753",1,-0.0746930031851014,-1.05184046569285,-0.375315265804484
"754",1,1.22483691294617,-0.787301042782582,-2.95245813937426
"755",1,-0.37244388235221,-0.74461745004139,2.45174870234906
"756",1,1.35458683550199,0.541174103745241,-0.767312128234665
"757",1,-0.388509807939199,-1.01057709290935,0.816363420341432
"758",0,-0.510802280928492,-0.166746685457694,0.817962293392442
"759",1,0.248300976021587,0.699759604056009,0.877092113383956
"760",0,-1.19382490206832,0.789766458539371,-0.734543569504716
"761",0,-1.06173901054713,0.539988952213641,-0.95329840583188
"762",1,-0.0766567978287064,-0.951099026609552,-0.337416410309265
"763",1,1.78469197793229,-2.23505657857678,0.399739467261971
"764",1,1.26078575711821,0.591326045408316,0.976645464361742
"765",1,2.99007782435721,-1.32798188500416,0.114971268133862
"766",0,-0.0584340657261896,1.18900496708899,-0.26305044400627
"767",0,0.0930871599131521,0.529640157901702,-2.27102582347131
"768",0,-0.198586258243851,0.164734477707025,-0.652667329145201
"769",1,-0.100598579106494,0.0745098557288571,1.36750839636512
"770",1,0.682290336618512,-0.791603450542065,-1.26593022672368
"771",1,0.772659062396611,-0.0939565877421003,-1.44618633961247
"772",0,-0.672178053413577,0.898315140139256,-1.34310701052137
"773",0,-0.563667244415439,-0.0856936564784549,-0.726643792466318
"774",0,-2.39283242016389,-1.160990444848,-0.125145097561932
"775",0,-1.43821645806039,0.350021604529481,0.595941787616911
"776",0,0.500681413297582,0.992481181052652,-2.07209638358145
"777",0,-1.2694606683035,3.03413631414044,-0.39437807443809
"778",1,0.0412836996862624,-1.94428189362885,-0.45183570021731
"779",1,0.890217111744848,-0.360696041577916,-1.90352042167081
"780",1,0.585073021091304,-0.847512146520327,1.58886480479344
"781",0,-0.84798467875924,-0.526659532758997,0.350132402895359
"782",0,-1.04367875404319,-1.26482291829404,0.187399840529794
"783",1,1.00362948339634,-0.398020646504983,0.58180996280635
"784",1,-1.30433942378081,-2.66431453624226,1.3569396114632
"785",0,-0.725421409301301,1.22140811403743,-0.166498550757331
"786",1,-0.402582246117002,0.086863614418687,1.45975823937772
"787",0,-1.63289963408538,-0.959534234940923,-1.02527272092333
"788",1,0.975976726190809,-0.144407046207383,-0.872462158673142
"789",0,-1.00627101436749,-0.43046947667189,0.167582605905793
"790",1,0.397947783363885,0.236248069611742,2.61385306695341
"791",0,-0.374569452554285,0.580236793557871,-1.19883801311288
"792",0,-1.50350860022786,2.33917183424097,-0.589018386259153
"793",0,0.500009118759477,0.264894892196096,-1.73613416558884
"794",0,-0.645970656654618,-0.126770685776417,-1.13025614728875
"795",0,-2.87627934711631,-0.35115846131698,0.550736996916044
"796",1,-0.261481373586686,-0.773735669767151,1.27464582038868
"797",0,-0.417218589670447,0.682408348841958,0.753980028147556
"798",0,-0.433750178080503,0.138204990576532,-0.320983044977189
"799",0,0.696128666875323,0.581922713537835,-1.59365577494363
"800",1,1.42087593784762,-0.852481717022577,-0.894302839386452
"801",1,0.380878188838133,0.325410252273978,0.673508662513264
"802",1,0.376418509652651,0.520966424682689,-0.331958972698179
"803",1,0.703755050971412,-0.478899931809332,-0.304782885434746
"804",1,0.914494023090059,-0.696011288278318,0.352824646641011
"805",1,-0.086458567198159,0.630804288074302,2.10632497403506
"806",0,0.476299206013201,0.599948610599735,-1.39287075105118
"807",1,-0.0457317168972209,-1.23539736277641,0.458687234423895
"808",0,-0.664369085138621,-0.0114004176923418,-0.843625797710579
"809",1,0.401255863057363,-1.10316429602515,-0.261281049235406
"810",1,0.579480381659306,-0.0810738565882211,1.43699214131728
"811",1,1.44251821186866,-0.0535159133692141,-0.929121996163434
"812",1,0.527388562364101,-1.88124092242472,0.165335975513491
"813",0,0.372131773979338,0.150019725115573,-0.46906612871331
"814",1,1.85456860730142,-1.03102995936052,1.53145171454142
"815",1,0.679198345094495,-1.47935091413688,0.37398089989135
"816",0,0.243421982393161,0.666285224569059,-0.254737516433466
"817",1,1.32453633653685,0.0208274924734896,-0.0351616018762456
"818",0,-0.952901296708612,-0.167103267187073,0.585537319380541
"819",1,0.652827300200637,-1.56896589683935,-2.30444700286139
"820",1,1.26932959456486,0.101356805578242,-0.491980319793972
"821",0,-1.09854978697277,0.683470651272868,-0.123077225119763
"822",0,-0.413203261759853,-0.35879793235647,-0.00918694896945587
"823",0,-2.84088510880011,0.37667039672236,-1.15654825499239
"824",0,0.338588612919245,0.950501152815943,-1.70875232482659
"825",0,-2.12028476925469,-0.827338652583454,0.890479855547778
"826",1,0.219790618126994,-0.54120714097483,-0.910240058763424
"827",1,0.785879244802831,-1.07096112794448,-0.781900778954047
"828",0,-0.121088891585313,-0.380812261071115,0.439617528363755
"829",0,-1.8778792932201,0.14948693171119,-0.843898467244948
"830",1,2.14989745167448,-1.27267811359414,0.711721355681146
"831",0,-0.728107648812703,-0.241315463472811,-0.0252721379023755
"832",0,-1.05113501212483,-0.492411866585815,-0.225388470248674
"833",0,0.238558729670805,1.05081838507689,-0.524404489023294
"834",1,0.740653239937376,-0.926318974007541,0.8093112531417
"835",1,0.366978957685279,-0.0276297640947709,2.10436613301865
"836",1,0.292205858132341,0.0333265781664242,1.04810074471426
"837",1,0.281607462419791,1.14543568817169,0.611983528907685
"838",1,2.07838508740528,0.064924240644264,-2.41644293668747
"839",0,0.667845269568725,1.60203699571699,-0.600908922429094
"840",0,-1.59784801061322,0.215749700936459,0.485168059339607
"841",0,0.375406522632447,0.195026487425624,-0.897701190626218
"842",0,-0.734513990821524,-1.23455924754414,1.31185464890062
"843",0,0.224542652859876,0.332518972631865,-1.27008231029269
"844",1,1.52525495558567,0.0169066084047007,1.85640658717322
"845",0,-1.39726613035085,0.73906140031547,0.0146352840603813
"846",0,-1.19457793034591,0.904036376913595,0.367647889226934
"847",1,0.15276560399378,-0.547180985235053,-0.39503370306551
"848",0,-2.06121883678748,0.250115913564326,-0.150668734905369
"849",1,-0.482402722242995,-0.906249120473317,1.2716705418201
"850",1,1.79898774776899,0.685099499211567,-0.694593991510234
"851",0,0.132262491424434,1.31328528076976,-0.948103389281559
"852",0,-0.128019534619274,0.195886962219703,-0.720162038254699
"853",0,-0.151373476847511,0.0564746066811102,0.166149006668172
"854",1,0.0757863048264412,-0.557446156954418,0.0814803597301822
"855",0,-0.514155991773334,0.245047977037229,-0.331331642564437
"856",0,0.436343434528013,1.50985698838287,-0.419175309490539
"857",1,0.618372831252288,0.710371590325629,-0.138843363587319
"858",0,-0.219727215136529,1.50493106697153,-1.26266039687088
"859",1,0.0365042576281008,-0.274981768191396,0.337820866145532
"860",1,2.10628828639298,0.332212806812636,-1.94470885607911
"861",1,1.73404814241586,-0.153213876283813,0.31216498359219
"862",1,0.990738094229501,0.0923609642281906,0.172460126721803
"863",1,2.24341815315745,0.470976880035864,-0.417575374761565
"864",0,-2.22949459685961,-0.187371013899583,-0.775944091894011
"865",1,0.113959100650419,-0.71795296139604,-0.915964559454393
"866",1,0.393948940744436,1.01334561273676,1.37898809743272
"867",0,-0.330802924542042,-0.0389429010172409,-0.270745280588948
"868",0,-0.373175154988873,1.5576616458882,0.566821345731991
"869",0,0.0446403358603394,0.608361526023536,-0.367905031602256
"870",0,-0.854569999455362,-0.0473814121476889,0.00242320803369931
"871",1,1.60009885424104,0.682518411821753,1.06714631509257
"872",0,-0.480771390450664,-0.508006375607429,0.823717644286583
"873",0,-0.531485068733654,-0.0212785916504025,-1.93050008055446
"874",1,-0.552807348327325,-0.70494692404975,0.520981696777141
"875",1,1.60232957429002,0.846902715350319,3.40985053721163
"876",0,-0.0905161760984435,1.18897519945189,0.642329405277921
"877",0,-1.29506161129157,0.767345254593589,-0.727405869373097
"878",1,1.78643688900443,-0.609063817007904,0.38018564904997
"879",1,-0.461356774679381,-1.47325785540906,0.226802824749296
"880",1,1.49376519054761,0.51279920863394,0.0514742366638073
"881",0,-0.394958832464418,1.68518706510476,-0.163156459694805
"882",1,-0.30100541509786,-0.81706045789005,-0.1484191820429
"883",1,0.476107916563807,-1.16214591022102,-0.634471202738406
"884",0,-0.852850350588201,-0.556043152885662,0.048412643646641
"885",1,0.048542137768594,-1.45594105449427,0.231282307898078
"886",0,-1.44691927230058,-0.260691309237252,-0.215819692766866
"887",0,-0.263140834430109,0.227297113715053,-0.778539098583198
"888",0,-1.73833400504959,0.693408556540819,0.79309258161792
"889",0,-0.344145559941376,1.57439632710049,1.81673940107728
"890",0,-0.229746538735096,0.567203876010228,0.0140044282760202
"891",1,-0.468134506740466,-1.09097820170063,1.95476523286253
"892",0,-0.0648578784331611,-0.571775133436469,-0.0410785919864492
"893",1,2.08722112621848,-1.08718188898506,-0.222532848722601
"894",1,0.858010957066618,-1.46286260410421,0.170515128295706
"895",1,0.274582576222307,-1.62087208811457,-1.17721951890217
"896",0,0.406054240150266,0.487331378768508,-0.84387776021295
"897",0,0.504591559079123,0.689124495726232,-1.41528961119056
"898",1,0.541974844540683,-0.146921665346551,0.360318466003389
"899",1,1.97720899027141,-2.11456992129801,-1.01777242324373
"900",0,-0.571576286446643,-0.0741005647678466,0.111491375911232
"901",0,-0.852207769485223,-0.0416460220311945,0.246920440047624
"902",0,0.222536161807562,0.311550153400798,-1.1064899581744
"903",0,-0.114758433114092,0.485434259684011,0.688750678356403
"904",1,1.11005649551887,-1.79775050200649,-0.930740612276699
"905",0,-1.21000022464598,-1.44308014863635,-0.137718306018658
"906",1,-0.0361639894408384,-0.113825972389927,2.33120951357596
"907",0,-0.363910167621653,2.09239597589365,-0.886439991201195
"908",1,-0.232412334800044,-0.689647595692352,-0.943313327123344
"909",0,-0.405882814270297,-0.707421696317199,-1.22702602747194
"910",0,0.106024748562289,0.686520226215614,0.739031266221137
"911",0,-1.26734799883081,-0.294635280484252,-0.160058447823705
"912",0,0.752985118551344,0.802240094809852,-1.69798743065863
"913",0,-2.00280452835481,1.30566775300586,0.392838853215621
"914",0,0.0999216645639952,0.733357104620075,-0.508989285015991
"915",0,-0.815967328212957,-0.296617683241675,0.301050045188434
"916",0,-1.33049722255295,-0.44083683794855,0.770295063637613
"917",1,0.783474208113222,-1.41400222544345,-0.430838475733152
"918",0,0.719134191243577,1.10072753676521,-0.689879408395441
"919",1,1.04661218930355,-0.954496622257728,-0.159296865290831
"920",0,0.525293353491837,1.22421979221657,-0.240236508758395
"921",1,0.761900394268897,-0.580218852504712,0.317451181697828
"922",0,-1.09188350984141,0.876332661992457,-0.26483376529216
"923",1,1.40186795953164,-0.748457354767834,-0.0486176440998936
"924",0,-1.71887624302515,1.25027322754739,-0.566376200101349
"925",0,-1.03682984000274,-0.972304202438071,1.26787468910331
"926",0,-0.75395962580222,0.527298570693256,-1.67604803159538
"927",1,0.714071297441081,0.636129807129931,-0.0239504404338521
"928",1,0.681521943872261,0.409751442455635,1.31602057136548
"929",1,0.914227829331377,2.17688633850548,1.26129809982356
"930",0,-1.95322946432881,1.62734940905142,0.4056519004215
"931",0,-0.0662707947901298,2.01561839890514,0.0469763355089295
"932",0,0.376381736132985,1.75484990114347,0.814093661659918
"933",1,1.3547878896922,-0.581298736870404,0.00527391760536822
"934",1,1.37553274306829,0.821572870468687,-0.67186517502748
"935",0,-0.349525455698757,1.11230584383438,-0.845971680537218
"936",1,1.18159078191894,1.16145791152122,-0.407954653913866
"937",0,-0.64647587439339,0.615505300640012,0.130659465321856
"938",1,0.282935098325,-0.360691358111043,0.848273797609877
"939",0,-0.495456974362725,0.746696459044974,0.0558521323070659
"940",0,-1.85104292661318,0.202564705084398,-0.924956722972992
"941",1,-0.0608104953021412,0.358495119875936,-0.388454837662679
"942",0,-1.39376763569217,1.25747347583505,0.447711821989805
"943",1,1.30535935667764,-0.149703656487833,0.446684015637993
"944",0,-1.1973950613017,-1.48359938083939,0.896682014671815
"945",0,-0.238789823969941,0.962296706371471,0.0394726917058895
"946",1,0.0932968505029981,-2.42337293806812,1.87501125440925
"947",1,1.12690214406005,-1.51558064937135,-0.24424043550693
"948",1,0.756892186187268,0.710776529336069,-0.0901614888762897
"949",1,0.55083486980292,-0.258038992481471,0.299286076390042
"950",0,0.218397851511023,-0.855891303202939,-1.9998167152023
"951",0,0.210561079370172,0.865828860396691,0.960159007246877
"952",1,2.53432956127973,0.293321323284414,0.45142119341311
"953",1,0.948495121446416,-0.488742418541674,0.913606231495513
"954",1,1.32105761107151,1.33804420204432,-1.6062174826381
"955",0,-0.312447833756859,1.04044629745932,1.48226274886053
"956",0,-1.94944718374768,0.206444051610832,0.191171199553754
"957",1,0.868266952400083,1.01729168877588,0.196147621920319
"958",0,-0.0283729076107286,0.341110443439189,-0.269902910660963
"959",0,-0.913834935568744,1.61012935749196,-1.08918373303144
"960",1,1.08543016588219,0.387636616585508,-0.356802792701593
"961",0,-1.54399178818504,1.05457088535874,-0.673138849284565
"962",1,0.21667047868899,-1.35208591972739,1.77645678405378
"963",0,-1.7704348334357,-0.360448573007749,0.798212262850251
"964",1,1.09009647672325,0.20428458008089,-0.159140556634193
"965",0,-2.94626493554688,-0.939532475326267,0.373795410250044
"966",0,-0.758010088124699,-1.35019137879895,-0.923189501934694
"967",0,0.299615460740125,0.550340179259006,-0.965046082677292
"968",1,0.196300902224745,-1.59225144884514,-0.579955181088188
"969",1,-0.848926585358318,-1.77686162311595,0.0970839633608353
"970",1,0.106463573237772,-0.80854090161847,0.786260886858964
"971",0,-0.284313047268886,0.457948210863501,-0.0609366590006013
"972",1,1.80525485395803,-0.722255732015717,-0.0109616126084318
"973",1,1.76285509990336,-2.05846386333238,0.41126593167659
"974",1,1.6028515149083,-1.46345665046476,-1.54662693848857
"975",1,1.62480815485185,-1.7115449307505,-0.406780173731713
"976",0,-0.645855545350515,0.357935926230821,-1.89779661919639
"977",1,0.439604307654756,0.290890340719307,1.21811115598935
"978",1,0.587648681573547,0.527008663209084,-0.34771508581437
"979",0,-0.138653470928495,1.48465079525465,0.325648288064737
"980",1,1.1784168999301,0.511236453422037,-0.355310118883206
"981",0,-0.87554713139543,-0.731284933683213,-1.44269263008308
"982",1,2.37761385134937,-0.112498539775914,0.18944999282228
"983",1,-0.440142772444925,-1.331270396522,0.13085188850916
"984",1,0.307535245533523,-1.33814049100241,-0.0307015549790948
"985",0,-0.202466324848536,1.92171538305368,0.900085142302866
"986",1,0.247781944989902,-0.684041037028546,0.711740559556994
"987",0,-0.428159781439442,-0.484220843623503,-0.872793390651022
"988",1,1.02575833703706,0.430864321975166,-0.400056893568398
"989",0,0.565950993951418,0.494152400607488,-0.431692915727541
"990",0,1.27599307495421,1.28740823610223,-1.71191396020161
"991",1,-2.02310072189031,-2.08660164230708,0.642326422527278
"992",0,-1.46060954337045,-0.66542972491343,-1.67484861288936
"993",1,0.440390737757497,-0.722673802172266,-1.48505122785816
"994",1,0.675518921633211,0.286312954663166,-0.396531696057913
"995",0,0.962487510097428,1.06427079305088,-2.00388636480175
"996",0,1.03455765891759,0.666408378008079,-0.575583304868422
"997",1,0.608881117360664,-0.0630135276443654,-0.54055409787565
"998",0,-1.46855355094555,-1.3531433792283,-0.745647982969804
"999",0,-0.449714866557978,-1.44392943476139,-1.62575508175069
"1000",0,-1.5916249799211,-1.20581107060583,0.0931307496494081
